Model,Accuracy,CV_Mean,CV_Std
SVM,0.7337461300309598,0.8411192214111921,0.03179444520470976
Random Forest,0.6842105263157895,0.7895377128953772,0.055530982423680326
